trial_id,cipher,model,rounds,seed,samples_per_class,pairs_per_sample,difference_profile,difference_member,calibrated_accuracy,accuracy,auc,loss,gate_temperature,gate_hidden_bits,gate_activation,gate_dropout,pairwise_pooling,spn_token_dim,spn_mixer_depth,spn_token_mlp_ratio,expert_activation,expert_norm,spn_pooling,expert_dropout,learning_rate,weight_decay,optimizer,config_json
20,PRESENT-80,moe_v5_soft,5,20260626,32768,4,present_wang_jain2021,0,0.801116943359375,0.79656982421875,0.8786459807306528,0.45373459067195654,1.0,96,silu,0.0,mean_max,128,4,2,gelu,rmsnorm,gated_attention,0.05,0.001,0.001,adamw,"{""cipher"": ""present80"", ""difference_member"": 0, ""difference_profile"": ""present_wang_jain2021"", ""expert_activation"": ""gelu"", ""expert_dropout"": 0.05, ""expert_norm"": ""rmsnorm"", ""feature_encoding"": ""ciphertext_pair_xor_bits"", ""gate_activation"": ""silu"", ""gate_dropout"": 0.0, ""gate_hidden_bits"": 96, ""gate_temperature"": 1.0, ""hidden_bits"": 96, ""learning_rate"": 0.001, ""model"": ""moe_v5_soft"", ""optimizer"": ""adamw"", ""pairs_per_sample"": 4, ""pairwise_pooling"": ""mean_max"", ""rounds"": 5, ""samples_per_class"": 32768, ""spn_mixer_depth"": 4, ""spn_pooling"": ""gated_attention"", ""spn_token_dim"": 128, ""spn_token_mlp_ratio"": 2, ""weight_decay"": 0.001}"
13,PRESENT-80,moe_v5_soft,5,20260619,32768,4,present_wang_jain2021,0,0.799468994140625,0.788848876953125,0.8758586756885052,0.4548413781449199,1.0,96,silu,0.0,mean_max,64,4,2,silu,rmsnorm,attention_mean_max,0.05,0.001,0.001,adamw,"{""cipher"": ""present80"", ""difference_member"": 0, ""difference_profile"": ""present_wang_jain2021"", ""expert_activation"": ""silu"", ""expert_dropout"": 0.05, ""expert_norm"": ""rmsnorm"", ""feature_encoding"": ""ciphertext_pair_xor_bits"", ""gate_activation"": ""silu"", ""gate_dropout"": 0.0, ""gate_hidden_bits"": 96, ""gate_temperature"": 1.0, ""hidden_bits"": 96, ""learning_rate"": 0.001, ""model"": ""moe_v5_soft"", ""optimizer"": ""adamw"", ""pairs_per_sample"": 4, ""pairwise_pooling"": ""mean_max"", ""rounds"": 5, ""samples_per_class"": 32768, ""spn_mixer_depth"": 4, ""spn_pooling"": ""attention_mean_max"", ""spn_token_dim"": 64, ""spn_token_mlp_ratio"": 2, ""weight_decay"": 0.001}"
1,PRESENT-80,moe_v5_soft,5,20260607,32768,4,present_wang_jain2021,0,0.79693603515625,0.777557373046875,0.8742712773382664,0.48489234037697315,1.0,32,silu,0.05,mean_max,96,4,2,gelu,rmsnorm,attention_mean_max,0.0,0.001,0.001,adamw,"{""cipher"": ""present80"", ""difference_member"": 0, ""difference_profile"": ""present_wang_jain2021"", ""expert_activation"": ""gelu"", ""expert_dropout"": 0.0, ""expert_norm"": ""rmsnorm"", ""feature_encoding"": ""ciphertext_pair_xor_bits"", ""gate_activation"": ""silu"", ""gate_dropout"": 0.05, ""gate_hidden_bits"": 32, ""gate_temperature"": 1.0, ""hidden_bits"": 48, ""learning_rate"": 0.001, ""model"": ""moe_v5_soft"", ""optimizer"": ""adamw"", ""pairs_per_sample"": 4, ""pairwise_pooling"": ""mean_max"", ""rounds"": 5, ""samples_per_class"": 32768, ""spn_mixer_depth"": 4, ""spn_pooling"": ""attention_mean_max"", ""spn_token_dim"": 96, ""spn_token_mlp_ratio"": 2, ""weight_decay"": 0.001}"
7,PRESENT-80,moe_v5_soft,5,20260613,32768,4,present_wang_jain2021,0,0.7935791015625,0.759918212890625,0.8735201228410006,0.5250679720193148,1.5,64,silu,0.0,mean,64,2,2,silu,rmsnorm,gated_attention,0.05,0.001,0.001,adamw,"{""cipher"": ""present80"", ""difference_member"": 0, ""difference_profile"": ""present_wang_jain2021"", ""expert_activation"": ""silu"", ""expert_dropout"": 0.05, ""expert_norm"": ""rmsnorm"", ""feature_encoding"": ""ciphertext_pair_xor_bits"", ""gate_activation"": ""silu"", ""gate_dropout"": 0.0, ""gate_hidden_bits"": 64, ""gate_temperature"": 1.5, ""hidden_bits"": 64, ""learning_rate"": 0.001, ""model"": ""moe_v5_soft"", ""optimizer"": ""adamw"", ""pairs_per_sample"": 4, ""pairwise_pooling"": ""mean"", ""rounds"": 5, ""samples_per_class"": 32768, ""spn_mixer_depth"": 2, ""spn_pooling"": ""gated_attention"", ""spn_token_dim"": 64, ""spn_token_mlp_ratio"": 2, ""weight_decay"": 0.001}"
16,PRESENT-80,moe_v5_soft,5,20260622,32768,4,present_wang_jain2021,0,0.793548583984375,0.780303955078125,0.8716960437595844,0.4674613857641816,0.75,96,silu,0.0,mean,128,2,2,gelu,layernorm,gated_attention,0.0,0.001,0.001,adamw,"{""cipher"": ""present80"", ""difference_member"": 0, ""difference_profile"": ""present_wang_jain2021"", ""expert_activation"": ""gelu"", ""expert_dropout"": 0.0, ""expert_norm"": ""layernorm"", ""feature_encoding"": ""ciphertext_pair_xor_bits"", ""gate_activation"": ""silu"", ""gate_dropout"": 0.0, ""gate_hidden_bits"": 96, ""gate_temperature"": 0.75, ""hidden_bits"": 48, ""learning_rate"": 0.001, ""model"": ""moe_v5_soft"", ""optimizer"": ""adamw"", ""pairs_per_sample"": 4, ""pairwise_pooling"": ""mean"", ""rounds"": 5, ""samples_per_class"": 32768, ""spn_mixer_depth"": 2, ""spn_pooling"": ""gated_attention"", ""spn_token_dim"": 128, ""spn_token_mlp_ratio"": 2, ""weight_decay"": 0.001}"
2,PRESENT-80,moe_v5_soft,5,20260608,32768,4,present_wang_jain2021,0,0.79290771484375,0.7757568359375,0.8685227166861296,0.4906103517860174,0.75,64,silu,0.05,mean_max,128,3,3,silu,rmsnorm,attention_mean_max,0.0,0.001,0.0001,adamw,"{""cipher"": ""present80"", ""difference_member"": 0, ""difference_profile"": ""present_wang_jain2021"", ""expert_activation"": ""silu"", ""expert_dropout"": 0.0, ""expert_norm"": ""rmsnorm"", ""feature_encoding"": ""ciphertext_pair_xor_bits"", ""gate_activation"": ""silu"", ""gate_dropout"": 0.05, ""gate_hidden_bits"": 64, ""gate_temperature"": 0.75, ""hidden_bits"": 48, ""learning_rate"": 0.001, ""model"": ""moe_v5_soft"", ""optimizer"": ""adamw"", ""pairs_per_sample"": 4, ""pairwise_pooling"": ""mean_max"", ""rounds"": 5, ""samples_per_class"": 32768, ""spn_mixer_depth"": 3, ""spn_pooling"": ""attention_mean_max"", ""spn_token_dim"": 128, ""spn_token_mlp_ratio"": 3, ""weight_decay"": 0.0001}"
19,PRESENT-80,moe_v5_soft,5,20260625,32768,4,present_wang_jain2021,0,0.791900634765625,0.78857421875,0.8720112480223179,0.44975210074335337,1.0,32,relu,0.0,mean,128,3,2,gelu,rmsnorm,attention_mean_max,0.0,0.001,0.0001,adamw,"{""cipher"": ""present80"", ""difference_member"": 0, ""difference_profile"": ""present_wang_jain2021"", ""expert_activation"": ""gelu"", ""expert_dropout"": 0.0, ""expert_norm"": ""rmsnorm"", ""feature_encoding"": ""ciphertext_pair_xor_bits"", ""gate_activation"": ""relu"", ""gate_dropout"": 0.0, ""gate_hidden_bits"": 32, ""gate_temperature"": 1.0, ""hidden_bits"": 48, ""learning_rate"": 0.001, ""model"": ""moe_v5_soft"", ""optimizer"": ""adamw"", ""pairs_per_sample"": 4, ""pairwise_pooling"": ""mean"", ""rounds"": 5, ""samples_per_class"": 32768, ""spn_mixer_depth"": 3, ""spn_pooling"": ""attention_mean_max"", ""spn_token_dim"": 128, ""spn_token_mlp_ratio"": 2, ""weight_decay"": 0.0001}"
10,PRESENT-80,moe_v5_soft,5,20260616,32768,4,present_wang_jain2021,0,0.791107177734375,0.7783203125,0.8661968782544136,0.4741258108988404,1.5,96,relu,0.05,mean,128,2,2,gelu,rmsnorm,attention_mean_max,0.05,0.001,0.001,adamw,"{""cipher"": ""present80"", ""difference_member"": 0, ""difference_profile"": ""present_wang_jain2021"", ""expert_activation"": ""gelu"", ""expert_dropout"": 0.05, ""expert_norm"": ""rmsnorm"", ""feature_encoding"": ""ciphertext_pair_xor_bits"", ""gate_activation"": ""relu"", ""gate_dropout"": 0.05, ""gate_hidden_bits"": 96, ""gate_temperature"": 1.5, ""hidden_bits"": 48, ""learning_rate"": 0.001, ""model"": ""moe_v5_soft"", ""optimizer"": ""adamw"", ""pairs_per_sample"": 4, ""pairwise_pooling"": ""mean"", ""rounds"": 5, ""samples_per_class"": 32768, ""spn_mixer_depth"": 2, ""spn_pooling"": ""attention_mean_max"", ""spn_token_dim"": 128, ""spn_token_mlp_ratio"": 2, ""weight_decay"": 0.001}"
18,PRESENT-80,moe_v5_soft,5,20260624,32768,4,present_wang_jain2021,0,0.79107666015625,0.72064208984375,0.8667657896876335,0.6076410003006458,0.75,96,relu,0.05,mean,96,2,3,silu,rmsnorm,attention_mean_max,0.0,0.001,0.001,adamw,"{""cipher"": ""present80"", ""difference_member"": 0, ""difference_profile"": ""present_wang_jain2021"", ""expert_activation"": ""silu"", ""expert_dropout"": 0.0, ""expert_norm"": ""rmsnorm"", ""feature_encoding"": ""ciphertext_pair_xor_bits"", ""gate_activation"": ""relu"", ""gate_dropout"": 0.05, ""gate_hidden_bits"": 96, ""gate_temperature"": 0.75, ""hidden_bits"": 48, ""learning_rate"": 0.001, ""model"": ""moe_v5_soft"", ""optimizer"": ""adamw"", ""pairs_per_sample"": 4, ""pairwise_pooling"": ""mean"", ""rounds"": 5, ""samples_per_class"": 32768, ""spn_mixer_depth"": 2, ""spn_pooling"": ""attention_mean_max"", ""spn_token_dim"": 96, ""spn_token_mlp_ratio"": 3, ""weight_decay"": 0.001}"
6,PRESENT-80,moe_v5_soft,5,20260612,32768,4,present_wang_jain2021,0,0.78985595703125,0.783843994140625,0.8689738567918539,0.4559857798740268,1.5,96,relu,0.0,mean_max,96,3,3,gelu,rmsnorm,attention_mean_max,0.0,0.001,0.0001,adamw,"{""cipher"": ""present80"", ""difference_member"": 0, ""difference_profile"": ""present_wang_jain2021"", ""expert_activation"": ""gelu"", ""expert_dropout"": 0.0, ""expert_norm"": ""rmsnorm"", ""feature_encoding"": ""ciphertext_pair_xor_bits"", ""gate_activation"": ""relu"", ""gate_dropout"": 0.0, ""gate_hidden_bits"": 96, ""gate_temperature"": 1.5, ""hidden_bits"": 48, ""learning_rate"": 0.001, ""model"": ""moe_v5_soft"", ""optimizer"": ""adamw"", ""pairs_per_sample"": 4, ""pairwise_pooling"": ""mean_max"", ""rounds"": 5, ""samples_per_class"": 32768, ""spn_mixer_depth"": 3, ""spn_pooling"": ""attention_mean_max"", ""spn_token_dim"": 96, ""spn_token_mlp_ratio"": 3, ""weight_decay"": 0.0001}"
11,PRESENT-80,moe_v5_soft,5,20260617,32768,4,present_wang_jain2021,0,0.78802490234375,0.786285400390625,0.867614021524787,0.4518352197483182,0.75,32,relu,0.05,mean,64,3,3,silu,rmsnorm,gated_attention,0.0,0.001,0.0001,adamw,"{""cipher"": ""present80"", ""difference_member"": 0, ""difference_profile"": ""present_wang_jain2021"", ""expert_activation"": ""silu"", ""expert_dropout"": 0.0, ""expert_norm"": ""rmsnorm"", ""feature_encoding"": ""ciphertext_pair_xor_bits"", ""gate_activation"": ""relu"", ""gate_dropout"": 0.05, ""gate_hidden_bits"": 32, ""gate_temperature"": 0.75, ""hidden_bits"": 96, ""learning_rate"": 0.001, ""model"": ""moe_v5_soft"", ""optimizer"": ""adamw"", ""pairs_per_sample"": 4, ""pairwise_pooling"": ""mean"", ""rounds"": 5, ""samples_per_class"": 32768, ""spn_mixer_depth"": 3, ""spn_pooling"": ""gated_attention"", ""spn_token_dim"": 64, ""spn_token_mlp_ratio"": 3, ""weight_decay"": 0.0001}"
14,PRESENT-80,moe_v5_soft,5,20260620,32768,4,present_wang_jain2021,0,0.7879638671875,0.7760009765625,0.8667548578232527,0.5088069830089808,0.75,64,relu,0.05,mean_max,96,2,3,gelu,layernorm,attention_mean_max,0.0,0.001,0.0001,adamw,"{""cipher"": ""present80"", ""difference_member"": 0, ""difference_profile"": ""present_wang_jain2021"", ""expert_activation"": ""gelu"", ""expert_dropout"": 0.0, ""expert_norm"": ""layernorm"", ""feature_encoding"": ""ciphertext_pair_xor_bits"", ""gate_activation"": ""relu"", ""gate_dropout"": 0.05, ""gate_hidden_bits"": 64, ""gate_temperature"": 0.75, ""hidden_bits"": 64, ""learning_rate"": 0.001, ""model"": ""moe_v5_soft"", ""optimizer"": ""adamw"", ""pairs_per_sample"": 4, ""pairwise_pooling"": ""mean_max"", ""rounds"": 5, ""samples_per_class"": 32768, ""spn_mixer_depth"": 2, ""spn_pooling"": ""attention_mean_max"", ""spn_token_dim"": 96, ""spn_token_mlp_ratio"": 3, ""weight_decay"": 0.0001}"
21,PRESENT-80,moe_v5_soft,5,20260627,32768,4,present_wang_jain2021,0,0.78765869140625,0.787567138671875,0.8657753653824329,0.45320799853652716,1.0,32,silu,0.0,mean,128,4,2,silu,layernorm,attention_mean_max,0.05,0.001,0.001,adamw,"{""cipher"": ""present80"", ""difference_member"": 0, ""difference_profile"": ""present_wang_jain2021"", ""expert_activation"": ""silu"", ""expert_dropout"": 0.05, ""expert_norm"": ""layernorm"", ""feature_encoding"": ""ciphertext_pair_xor_bits"", ""gate_activation"": ""silu"", ""gate_dropout"": 0.0, ""gate_hidden_bits"": 32, ""gate_temperature"": 1.0, ""hidden_bits"": 64, ""learning_rate"": 0.001, ""model"": ""moe_v5_soft"", ""optimizer"": ""adamw"", ""pairs_per_sample"": 4, ""pairwise_pooling"": ""mean"", ""rounds"": 5, ""samples_per_class"": 32768, ""spn_mixer_depth"": 4, ""spn_pooling"": ""attention_mean_max"", ""spn_token_dim"": 128, ""spn_token_mlp_ratio"": 2, ""weight_decay"": 0.001}"
23,PRESENT-80,moe_v5_soft,5,20260629,32768,4,present_wang_jain2021,0,0.783294677734375,0.77783203125,0.8600425161421299,0.4855149183422327,1.0,32,relu,0.05,mean,64,4,3,silu,layernorm,attention_mean_max,0.0,0.0003,0.001,adamw,"{""cipher"": ""present80"", ""difference_member"": 0, ""difference_profile"": ""present_wang_jain2021"", ""expert_activation"": ""silu"", ""expert_dropout"": 0.0, ""expert_norm"": ""layernorm"", ""feature_encoding"": ""ciphertext_pair_xor_bits"", ""gate_activation"": ""relu"", ""gate_dropout"": 0.05, ""gate_hidden_bits"": 32, ""gate_temperature"": 1.0, ""hidden_bits"": 48, ""learning_rate"": 0.0003, ""model"": ""moe_v5_soft"", ""optimizer"": ""adamw"", ""pairs_per_sample"": 4, ""pairwise_pooling"": ""mean"", ""rounds"": 5, ""samples_per_class"": 32768, ""spn_mixer_depth"": 4, ""spn_pooling"": ""attention_mean_max"", ""spn_token_dim"": 64, ""spn_token_mlp_ratio"": 3, ""weight_decay"": 0.001}"
9,PRESENT-80,moe_v5_soft,5,20260615,32768,4,present_wang_jain2021,0,0.778900146484375,0.7781982421875,0.8563963156193495,0.4676768844947219,0.75,64,silu,0.05,mean_max,64,4,3,silu,layernorm,attention_mean_max,0.05,0.0003,0.001,adamw,"{""cipher"": ""present80"", ""difference_member"": 0, ""difference_profile"": ""present_wang_jain2021"", ""expert_activation"": ""silu"", ""expert_dropout"": 0.05, ""expert_norm"": ""layernorm"", ""feature_encoding"": ""ciphertext_pair_xor_bits"", ""gate_activation"": ""silu"", ""gate_dropout"": 0.05, ""gate_hidden_bits"": 64, ""gate_temperature"": 0.75, ""hidden_bits"": 64, ""learning_rate"": 0.0003, ""model"": ""moe_v5_soft"", ""optimizer"": ""adamw"", ""pairs_per_sample"": 4, ""pairwise_pooling"": ""mean_max"", ""rounds"": 5, ""samples_per_class"": 32768, ""spn_mixer_depth"": 4, ""spn_pooling"": ""attention_mean_max"", ""spn_token_dim"": 64, ""spn_token_mlp_ratio"": 3, ""weight_decay"": 0.001}"
0,PRESENT-80,moe_v5_soft,5,20260606,32768,4,present_wang_jain2021,0,0.776397705078125,0.76092529296875,0.853420352563262,0.525136910378933,1.5,96,silu,0.05,mean_max,64,3,3,silu,rmsnorm,gated_attention,0.05,0.0003,0.001,adamw,"{""cipher"": ""present80"", ""difference_member"": 0, ""difference_profile"": ""present_wang_jain2021"", ""expert_activation"": ""silu"", ""expert_dropout"": 0.05, ""expert_norm"": ""rmsnorm"", ""feature_encoding"": ""ciphertext_pair_xor_bits"", ""gate_activation"": ""silu"", ""gate_dropout"": 0.05, ""gate_hidden_bits"": 96, ""gate_temperature"": 1.5, ""hidden_bits"": 64, ""learning_rate"": 0.0003, ""model"": ""moe_v5_soft"", ""optimizer"": ""adamw"", ""pairs_per_sample"": 4, ""pairwise_pooling"": ""mean_max"", ""rounds"": 5, ""samples_per_class"": 32768, ""spn_mixer_depth"": 3, ""spn_pooling"": ""gated_attention"", ""spn_token_dim"": 64, ""spn_token_mlp_ratio"": 3, ""weight_decay"": 0.001}"
3,PRESENT-80,moe_v5_soft,5,20260609,32768,4,present_wang_jain2021,0,0.775848388671875,0.770721435546875,0.8545086476951838,0.4939103676006198,0.75,64,relu,0.05,mean,128,3,3,gelu,layernorm,gated_attention,0.0,0.0003,0.001,adamw,"{""cipher"": ""present80"", ""difference_member"": 0, ""difference_profile"": ""present_wang_jain2021"", ""expert_activation"": ""gelu"", ""expert_dropout"": 0.0, ""expert_norm"": ""layernorm"", ""feature_encoding"": ""ciphertext_pair_xor_bits"", ""gate_activation"": ""relu"", ""gate_dropout"": 0.05, ""gate_hidden_bits"": 64, ""gate_temperature"": 0.75, ""hidden_bits"": 64, ""learning_rate"": 0.0003, ""model"": ""moe_v5_soft"", ""optimizer"": ""adamw"", ""pairs_per_sample"": 4, ""pairwise_pooling"": ""mean"", ""rounds"": 5, ""samples_per_class"": 32768, ""spn_mixer_depth"": 3, ""spn_pooling"": ""gated_attention"", ""spn_token_dim"": 128, ""spn_token_mlp_ratio"": 3, ""weight_decay"": 0.001}"
22,PRESENT-80,moe_v5_soft,5,20260628,32768,4,present_wang_jain2021,0,0.77398681640625,0.74139404296875,0.8514381237328053,0.6077884081751108,1.0,64,relu,0.0,mean_max,96,4,3,silu,rmsnorm,gated_attention,0.0,0.0003,0.001,adamw,"{""cipher"": ""present80"", ""difference_member"": 0, ""difference_profile"": ""present_wang_jain2021"", ""expert_activation"": ""silu"", ""expert_dropout"": 0.0, ""expert_norm"": ""rmsnorm"", ""feature_encoding"": ""ciphertext_pair_xor_bits"", ""gate_activation"": ""relu"", ""gate_dropout"": 0.0, ""gate_hidden_bits"": 64, ""gate_temperature"": 1.0, ""hidden_bits"": 96, ""learning_rate"": 0.0003, ""model"": ""moe_v5_soft"", ""optimizer"": ""adamw"", ""pairs_per_sample"": 4, ""pairwise_pooling"": ""mean_max"", ""rounds"": 5, ""samples_per_class"": 32768, ""spn_mixer_depth"": 4, ""spn_pooling"": ""gated_attention"", ""spn_token_dim"": 96, ""spn_token_mlp_ratio"": 3, ""weight_decay"": 0.001}"
12,PRESENT-80,moe_v5_soft,5,20260618,32768,4,present_wang_jain2021,0,0.771728515625,0.7713623046875,0.8503315411508083,0.5088027762249112,0.75,32,relu,0.05,mean_max,96,4,2,silu,layernorm,attention_mean_max,0.0,0.0003,0.0001,adamw,"{""cipher"": ""present80"", ""difference_member"": 0, ""difference_profile"": ""present_wang_jain2021"", ""expert_activation"": ""silu"", ""expert_dropout"": 0.0, ""expert_norm"": ""layernorm"", ""feature_encoding"": ""ciphertext_pair_xor_bits"", ""gate_activation"": ""relu"", ""gate_dropout"": 0.05, ""gate_hidden_bits"": 32, ""gate_temperature"": 0.75, ""hidden_bits"": 96, ""learning_rate"": 0.0003, ""model"": ""moe_v5_soft"", ""optimizer"": ""adamw"", ""pairs_per_sample"": 4, ""pairwise_pooling"": ""mean_max"", ""rounds"": 5, ""samples_per_class"": 32768, ""spn_mixer_depth"": 4, ""spn_pooling"": ""attention_mean_max"", ""spn_token_dim"": 96, ""spn_token_mlp_ratio"": 2, ""weight_decay"": 0.0001}"
5,PRESENT-80,moe_v5_soft,5,20260611,32768,4,present_wang_jain2021,0,0.7716064453125,0.756622314453125,0.8477774672210217,0.5330829601734877,0.75,32,relu,0.05,mean_max,128,2,3,gelu,layernorm,attention_mean_max,0.05,0.0003,0.0001,adamw,"{""cipher"": ""present80"", ""difference_member"": 0, ""difference_profile"": ""present_wang_jain2021"", ""expert_activation"": ""gelu"", ""expert_dropout"": 0.05, ""expert_norm"": ""layernorm"", ""feature_encoding"": ""ciphertext_pair_xor_bits"", ""gate_activation"": ""relu"", ""gate_dropout"": 0.05, ""gate_hidden_bits"": 32, ""gate_temperature"": 0.75, ""hidden_bits"": 96, ""learning_rate"": 0.0003, ""model"": ""moe_v5_soft"", ""optimizer"": ""adamw"", ""pairs_per_sample"": 4, ""pairwise_pooling"": ""mean_max"", ""rounds"": 5, ""samples_per_class"": 32768, ""spn_mixer_depth"": 2, ""spn_pooling"": ""attention_mean_max"", ""spn_token_dim"": 128, ""spn_token_mlp_ratio"": 3, ""weight_decay"": 0.0001}"
4,PRESENT-80,moe_v5_soft,5,20260610,32768,4,present_wang_jain2021,0,0.74713134765625,0.74322509765625,0.821800610050559,0.534149119630456,1.0,32,silu,0.0,mean_max,96,2,2,silu,layernorm,attention_mean_max,0.0,0.0003,0.0001,adamw,"{""cipher"": ""present80"", ""difference_member"": 0, ""difference_profile"": ""present_wang_jain2021"", ""expert_activation"": ""silu"", ""expert_dropout"": 0.0, ""expert_norm"": ""layernorm"", ""feature_encoding"": ""ciphertext_pair_xor_bits"", ""gate_activation"": ""silu"", ""gate_dropout"": 0.0, ""gate_hidden_bits"": 32, ""gate_temperature"": 1.0, ""hidden_bits"": 48, ""learning_rate"": 0.0003, ""model"": ""moe_v5_soft"", ""optimizer"": ""adamw"", ""pairs_per_sample"": 4, ""pairwise_pooling"": ""mean_max"", ""rounds"": 5, ""samples_per_class"": 32768, ""spn_mixer_depth"": 2, ""spn_pooling"": ""attention_mean_max"", ""spn_token_dim"": 96, ""spn_token_mlp_ratio"": 2, ""weight_decay"": 0.0001}"
17,PRESENT-80,moe_v5_soft,5,20260623,32768,4,present_wang_jain2021,0,0.741912841796875,0.741546630859375,0.8158854711800814,0.5523817725479603,1.0,64,relu,0.0,mean,128,3,3,silu,layernorm,gated_attention,0.05,0.0003,0.001,adamw,"{""cipher"": ""present80"", ""difference_member"": 0, ""difference_profile"": ""present_wang_jain2021"", ""expert_activation"": ""silu"", ""expert_dropout"": 0.05, ""expert_norm"": ""layernorm"", ""feature_encoding"": ""ciphertext_pair_xor_bits"", ""gate_activation"": ""relu"", ""gate_dropout"": 0.0, ""gate_hidden_bits"": 64, ""gate_temperature"": 1.0, ""hidden_bits"": 48, ""learning_rate"": 0.0003, ""model"": ""moe_v5_soft"", ""optimizer"": ""adamw"", ""pairs_per_sample"": 4, ""pairwise_pooling"": ""mean"", ""rounds"": 5, ""samples_per_class"": 32768, ""spn_mixer_depth"": 3, ""spn_pooling"": ""gated_attention"", ""spn_token_dim"": 128, ""spn_token_mlp_ratio"": 3, ""weight_decay"": 0.001}"
8,PRESENT-80,moe_v5_soft,5,20260614,32768,4,present_wang_jain2021,0,0.739593505859375,0.7183837890625,0.8136565629392862,0.5921017322689295,1.5,64,silu,0.05,mean_max,64,2,2,silu,layernorm,attention_mean_max,0.0,0.0003,0.001,adamw,"{""cipher"": ""present80"", ""difference_member"": 0, ""difference_profile"": ""present_wang_jain2021"", ""expert_activation"": ""silu"", ""expert_dropout"": 0.0, ""expert_norm"": ""layernorm"", ""feature_encoding"": ""ciphertext_pair_xor_bits"", ""gate_activation"": ""silu"", ""gate_dropout"": 0.05, ""gate_hidden_bits"": 64, ""gate_temperature"": 1.5, ""hidden_bits"": 48, ""learning_rate"": 0.0003, ""model"": ""moe_v5_soft"", ""optimizer"": ""adamw"", ""pairs_per_sample"": 4, ""pairwise_pooling"": ""mean_max"", ""rounds"": 5, ""samples_per_class"": 32768, ""spn_mixer_depth"": 2, ""spn_pooling"": ""attention_mean_max"", ""spn_token_dim"": 64, ""spn_token_mlp_ratio"": 2, ""weight_decay"": 0.001}"
15,PRESENT-80,moe_v5_soft,5,20260621,32768,4,present_wang_jain2021,0,0.7215576171875,0.6563720703125,0.7922977916896343,0.7872512489557266,0.75,64,relu,0.0,mean_max,64,4,3,silu,rmsnorm,attention_mean_max,0.0,0.0003,0.0001,adamw,"{""cipher"": ""present80"", ""difference_member"": 0, ""difference_profile"": ""present_wang_jain2021"", ""expert_activation"": ""silu"", ""expert_dropout"": 0.0, ""expert_norm"": ""rmsnorm"", ""feature_encoding"": ""ciphertext_pair_xor_bits"", ""gate_activation"": ""relu"", ""gate_dropout"": 0.0, ""gate_hidden_bits"": 64, ""gate_temperature"": 0.75, ""hidden_bits"": 48, ""learning_rate"": 0.0003, ""model"": ""moe_v5_soft"", ""optimizer"": ""adamw"", ""pairs_per_sample"": 4, ""pairwise_pooling"": ""mean_max"", ""rounds"": 5, ""samples_per_class"": 32768, ""spn_mixer_depth"": 4, ""spn_pooling"": ""attention_mean_max"", ""spn_token_dim"": 64, ""spn_token_mlp_ratio"": 3, ""weight_decay"": 0.0001}"
