cipher,structure,network,model_key,family,architecture_rank,score,rounds,seed,samples_per_class,pairs_per_sample,feature_encoding,negative_mode,train_key,validation_key,key_rotation_interval,sample_structure,integral_active_nibble,difference_profile,difference_member,loss,learning_rate,optimizer,weight_decay,lr_scheduler,max_learning_rate,checkpoint_metric,restore_best_checkpoint,early_stopping_patience,early_stopping_min_delta,pretrain_rounds,pretrain_epochs,model_options,evidence,literature
PRESENT-80,SPN,Present-Matrix-DeltaOnly-r6,present_inception_mcnd_matrix,present_delta_only_matrix,0,150,6,0,32768,16,present_xor_paligned_cell_matrix_bits,encrypted_random_plaintexts,0x00000000000000000000,0xffffffffffffffffffff,1024,zhang_wang_case2_mcnd,0,present_zhang_wang2022_mcnd,0,mse,0.0001,adam,1e-05,cyclic,0.002,val_auc,true,0,0.0,,0,"{""kernel_sizes"":[[1,1],[1,2],[2,4]],""blocks"":2,""dropout"":0.0,""pooling"":""attention_mean_max""}",PRESENT delta-only public InvP feature removes raw ciphertext pair words to test whether C,Cprime noise masks high-round structure,Zhang/Wang 2022 PRESENT MCND; Innovation 1 SPN public inverse-P delta-only ablation
PRESENT-80,SPN,Present-Matrix-DeltaOnly-r6,present_inception_mcnd_matrix,present_delta_only_matrix,0,150,6,1,32768,16,present_xor_paligned_cell_matrix_bits,encrypted_random_plaintexts,0x00000000000000000000,0xffffffffffffffffffff,1024,zhang_wang_case2_mcnd,0,present_zhang_wang2022_mcnd,0,mse,0.0001,adam,1e-05,cyclic,0.002,val_auc,true,0,0.0,,0,"{""kernel_sizes"":[[1,1],[1,2],[2,4]],""blocks"":2,""dropout"":0.0,""pooling"":""attention_mean_max""}",PRESENT delta-only public InvP feature removes raw ciphertext pair words to test whether C,Cprime noise masks high-round structure,Zhang/Wang 2022 PRESENT MCND; Innovation 1 SPN public inverse-P delta-only ablation
PRESENT-80,SPN,Present-Matrix-DeltaOnly-r6,present_inception_mcnd_matrix,present_delta_only_matrix,0,150,6,2,32768,16,present_xor_paligned_cell_matrix_bits,encrypted_random_plaintexts,0x00000000000000000000,0xffffffffffffffffffff,1024,zhang_wang_case2_mcnd,0,present_zhang_wang2022_mcnd,0,mse,0.0001,adam,1e-05,cyclic,0.002,val_auc,true,0,0.0,,0,"{""kernel_sizes"":[[1,1],[1,2],[2,4]],""blocks"":2,""dropout"":0.0,""pooling"":""attention_mean_max""}",PRESENT delta-only public InvP feature removes raw ciphertext pair words to test whether C,Cprime noise masks high-round structure,Zhang/Wang 2022 PRESENT MCND; Innovation 1 SPN public inverse-P delta-only ablation
PRESENT-80,SPN,Present-Matrix-DeltaOnly-r7,present_inception_mcnd_matrix,present_delta_only_matrix,0,151,7,0,65536,16,present_xor_paligned_cell_matrix_bits,encrypted_random_plaintexts,0x00000000000000000000,0xffffffffffffffffffff,1024,zhang_wang_case2_mcnd,0,present_zhang_wang2022_mcnd,0,mse,0.0001,adam,1e-05,cyclic,0.002,val_auc,true,0,0.0,6,4,"{""kernel_sizes"":[[1,1],[1,2],[2,4]],""blocks"":2,""dropout"":0.0,""pooling"":""attention_mean_max""}",PRESENT r7 delta-only public InvP screen with r6 curriculum; tests whether dropping raw ciphertext pair words reveals weak high-round structure,Zhang/Wang 2022 PRESENT MCND; Innovation 1 SPN public inverse-P delta-only ablation
PRESENT-80,SPN,Present-Matrix-DeltaOnly-r7,present_inception_mcnd_matrix,present_delta_only_matrix,0,151,7,1,65536,16,present_xor_paligned_cell_matrix_bits,encrypted_random_plaintexts,0x00000000000000000000,0xffffffffffffffffffff,1024,zhang_wang_case2_mcnd,0,present_zhang_wang2022_mcnd,0,mse,0.0001,adam,1e-05,cyclic,0.002,val_auc,true,0,0.0,6,4,"{""kernel_sizes"":[[1,1],[1,2],[2,4]],""blocks"":2,""dropout"":0.0,""pooling"":""attention_mean_max""}",PRESENT r7 delta-only public InvP screen with r6 curriculum; tests whether dropping raw ciphertext pair words reveals weak high-round structure,Zhang/Wang 2022 PRESENT MCND; Innovation 1 SPN public inverse-P delta-only ablation
PRESENT-80,SPN,Present-Matrix-DeltaOnly-r7,present_inception_mcnd_matrix,present_delta_only_matrix,0,151,7,2,65536,16,present_xor_paligned_cell_matrix_bits,encrypted_random_plaintexts,0x00000000000000000000,0xffffffffffffffffffff,1024,zhang_wang_case2_mcnd,0,present_zhang_wang2022_mcnd,0,mse,0.0001,adam,1e-05,cyclic,0.002,val_auc,true,0,0.0,6,4,"{""kernel_sizes"":[[1,1],[1,2],[2,4]],""blocks"":2,""dropout"":0.0,""pooling"":""attention_mean_max""}",PRESENT r7 delta-only public InvP screen with r6 curriculum; tests whether dropping raw ciphertext pair words reveals weak high-round structure,Zhang/Wang 2022 PRESENT MCND; Innovation 1 SPN public inverse-P delta-only ablation
PRESENT-80,SPN,PRESENT-MatrixTrailHybrid-DeltaSInvBeamStats-r6,present_matrix_trail_hybrid_pairset,present_delta_sinv_beamstats_matrixtrail,1,164,6,0,32768,16,present_delta_paligned_sinv_sboxddt_beamstats4deep3_cell_matrix_bits,encrypted_random_plaintexts,0x00000000000000000000,0xffffffffffffffffffff,1024,zhang_wang_case2_mcnd,0,present_zhang_wang2022_mcnd,0,mse,0.0001,adam,1e-05,cyclic,0.002,val_auc,true,0,0.0,,0,"{""pooling"":""topk_logsumexp"",""top_k"":2,""lse_temperature"":0.75,""token_dim"":64,""mixer_depth"":2,""role_mixer_depth"":1,""matrix_depth"":2,""token_mlp_ratio"":2,""dropout"":0.0,""activation"":""gelu"",""norm"":""layernorm""}",PRESENT compact delta+InvP+structural InvS+SBox-DDT beamstats without raw ciphertext pair words; r6 sanity for r7 high-round screen,Zhang/Wang 2022 PRESENT MCND; public InvP+InvS structural inverse; public SBox-DDT statistics; Innovation 1 SPN structure-adaptive trail-stat feature
PRESENT-80,SPN,PRESENT-MatrixTrailHybrid-DeltaSInvBeamStats-r6,present_matrix_trail_hybrid_pairset,present_delta_sinv_beamstats_matrixtrail,1,164,6,1,32768,16,present_delta_paligned_sinv_sboxddt_beamstats4deep3_cell_matrix_bits,encrypted_random_plaintexts,0x00000000000000000000,0xffffffffffffffffffff,1024,zhang_wang_case2_mcnd,0,present_zhang_wang2022_mcnd,0,mse,0.0001,adam,1e-05,cyclic,0.002,val_auc,true,0,0.0,,0,"{""pooling"":""topk_logsumexp"",""top_k"":2,""lse_temperature"":0.75,""token_dim"":64,""mixer_depth"":2,""role_mixer_depth"":1,""matrix_depth"":2,""token_mlp_ratio"":2,""dropout"":0.0,""activation"":""gelu"",""norm"":""layernorm""}",PRESENT compact delta+InvP+structural InvS+SBox-DDT beamstats without raw ciphertext pair words; r6 sanity for r7 high-round screen,Zhang/Wang 2022 PRESENT MCND; public InvP+InvS structural inverse; public SBox-DDT statistics; Innovation 1 SPN structure-adaptive trail-stat feature
PRESENT-80,SPN,PRESENT-MatrixTrailHybrid-DeltaSInvBeamStats-r6,present_matrix_trail_hybrid_pairset,present_delta_sinv_beamstats_matrixtrail,1,164,6,2,32768,16,present_delta_paligned_sinv_sboxddt_beamstats4deep3_cell_matrix_bits,encrypted_random_plaintexts,0x00000000000000000000,0xffffffffffffffffffff,1024,zhang_wang_case2_mcnd,0,present_zhang_wang2022_mcnd,0,mse,0.0001,adam,1e-05,cyclic,0.002,val_auc,true,0,0.0,,0,"{""pooling"":""topk_logsumexp"",""top_k"":2,""lse_temperature"":0.75,""token_dim"":64,""mixer_depth"":2,""role_mixer_depth"":1,""matrix_depth"":2,""token_mlp_ratio"":2,""dropout"":0.0,""activation"":""gelu"",""norm"":""layernorm""}",PRESENT compact delta+InvP+structural InvS+SBox-DDT beamstats without raw ciphertext pair words; r6 sanity for r7 high-round screen,Zhang/Wang 2022 PRESENT MCND; public InvP+InvS structural inverse; public SBox-DDT statistics; Innovation 1 SPN structure-adaptive trail-stat feature
PRESENT-80,SPN,PRESENT-MatrixTrailHybrid-DeltaSInvBeamStats-r7,present_matrix_trail_hybrid_pairset,present_delta_sinv_beamstats_matrixtrail,1,165,7,0,65536,16,present_delta_paligned_sinv_sboxddt_beamstats4deep3_cell_matrix_bits,encrypted_random_plaintexts,0x00000000000000000000,0xffffffffffffffffffff,1024,zhang_wang_case2_mcnd,0,present_zhang_wang2022_mcnd,0,mse,0.0001,adam,1e-05,cyclic,0.002,val_auc,true,0,0.0,6,4,"{""pooling"":""topk_logsumexp"",""top_k"":2,""lse_temperature"":0.75,""token_dim"":64,""mixer_depth"":2,""role_mixer_depth"":1,""matrix_depth"":2,""token_mlp_ratio"":2,""dropout"":0.0,""activation"":""gelu"",""norm"":""layernorm""}",PRESENT r7 compact delta+InvP+structural InvS+SBox-DDT beamstats screen with r6 curriculum; tests public trail-stat evidence after dropping raw ciphertext words,Zhang/Wang 2022 PRESENT MCND; public InvP+InvS structural inverse; public SBox-DDT statistics; Innovation 1 SPN structure-adaptive trail-stat feature
PRESENT-80,SPN,PRESENT-MatrixTrailHybrid-DeltaSInvBeamStats-r7,present_matrix_trail_hybrid_pairset,present_delta_sinv_beamstats_matrixtrail,1,165,7,1,65536,16,present_delta_paligned_sinv_sboxddt_beamstats4deep3_cell_matrix_bits,encrypted_random_plaintexts,0x00000000000000000000,0xffffffffffffffffffff,1024,zhang_wang_case2_mcnd,0,present_zhang_wang2022_mcnd,0,mse,0.0001,adam,1e-05,cyclic,0.002,val_auc,true,0,0.0,6,4,"{""pooling"":""topk_logsumexp"",""top_k"":2,""lse_temperature"":0.75,""token_dim"":64,""mixer_depth"":2,""role_mixer_depth"":1,""matrix_depth"":2,""token_mlp_ratio"":2,""dropout"":0.0,""activation"":""gelu"",""norm"":""layernorm""}",PRESENT r7 compact delta+InvP+structural InvS+SBox-DDT beamstats screen with r6 curriculum; tests public trail-stat evidence after dropping raw ciphertext words,Zhang/Wang 2022 PRESENT MCND; public InvP+InvS structural inverse; public SBox-DDT statistics; Innovation 1 SPN structure-adaptive trail-stat feature
PRESENT-80,SPN,PRESENT-MatrixTrailHybrid-DeltaSInvBeamStats-r7,present_matrix_trail_hybrid_pairset,present_delta_sinv_beamstats_matrixtrail,1,165,7,2,65536,16,present_delta_paligned_sinv_sboxddt_beamstats4deep3_cell_matrix_bits,encrypted_random_plaintexts,0x00000000000000000000,0xffffffffffffffffffff,1024,zhang_wang_case2_mcnd,0,present_zhang_wang2022_mcnd,0,mse,0.0001,adam,1e-05,cyclic,0.002,val_auc,true,0,0.0,6,4,"{""pooling"":""topk_logsumexp"",""top_k"":2,""lse_temperature"":0.75,""token_dim"":64,""mixer_depth"":2,""role_mixer_depth"":1,""matrix_depth"":2,""token_mlp_ratio"":2,""dropout"":0.0,""activation"":""gelu"",""norm"":""layernorm""}",PRESENT r7 compact delta+InvP+structural InvS+SBox-DDT beamstats screen with r6 curriculum; tests public trail-stat evidence after dropping raw ciphertext words,Zhang/Wang 2022 PRESENT MCND; public InvP+InvS structural inverse; public SBox-DDT statistics; Innovation 1 SPN structure-adaptive trail-stat feature
