cipher,structure,model,architecture,architecture_rank,matching_score,literature,rounds,difference_profile,difference_member,difference_source,gate_mode,samples_per_class,pairs_per_sample,runs,accuracy_mean,accuracy_std,best_accuracy_mean,best_accuracy_std,calibrated_accuracy_mean,calibrated_accuracy_std,auc_mean,auc_std,advantage_mean,advantage_std,calibrated_advantage_mean,calibrated_advantage_std,loss_mean,loss_std
PRESENT-80,SPN,adaptive_dbitnet_pairwise,Pairwise-Adaptive-DBitNet,1,30,Multi-pair neural distinguisher / DBitNet-style,4,present_wang_jain2021,0,Wang differentials via Jain/Kohli/Mishra 2020/2021,,32768,1,2,0.7899627686,0.0010223389,0.8001098633,0.007232666,0.8001098633,0.007232666,0.8718595002,0.0070874654,0.5799255371,0.0020446777,0.6002197266,0.014465332,0.5977190621,0.0291079376
PRESENT-80,SPN,adaptive_dbitnet_pairwise,Pairwise-Adaptive-DBitNet,1,30,Multi-pair neural distinguisher / DBitNet-style,4,present_wang_jain2021,0,Wang differentials via Jain/Kohli/Mishra 2020/2021,,32768,2,2,0.9016113281,0.0092773438,0.9110717773,6.10352e-05,0.9110717773,6.10352e-05,0.9653414898,0.0005018692,0.8032226562,0.0185546875,0.8221435547,0.0001220703,0.3400352397,0.0194774796
PRESENT-80,SPN,adaptive_dbitnet_pairwise,Pairwise-Adaptive-DBitNet,1,30,Multi-pair neural distinguisher / DBitNet-style,4,present_wang_jain2021,0,Wang differentials via Jain/Kohli/Mishra 2020/2021,,32768,4,2,0.9659423828,0.008605957,0.9747161865,1.52588e-05,0.9747161865,1.52588e-05,0.9961023545,4.69936e-05,0.9318847656,0.0172119141,0.949432373,3.05176e-05,0.1397857781,0.0250250298
PRESENT-80,SPN,adaptive_dbitnet_pairwise,Pairwise-Adaptive-DBitNet,1,30,Multi-pair neural distinguisher / DBitNet-style,5,present_wang_jain2021,0,Wang differentials via Jain/Kohli/Mishra 2020/2021,,32768,1,2,0.5755310059,0.0203857422,0.5813598633,0.0190429688,0.5813598633,0.0190429688,0.6091652028,0.0238687061,0.1510620117,0.0407714844,0.1627197266,0.0380859375,0.9145756532,0.062391527
PRESENT-80,SPN,adaptive_dbitnet_pairwise,Pairwise-Adaptive-DBitNet,1,30,Multi-pair neural distinguisher / DBitNet-style,5,present_wang_jain2021,0,Wang differentials via Jain/Kohli/Mishra 2020/2021,,32768,2,2,0.6849365234,0.0072937012,0.6918334961,0.0051574707,0.6918334961,0.0051574707,0.7526442427,0.0062579587,0.3698730469,0.0145874023,0.3836669922,0.0103149414,0.7110188343,0.0618215539
PRESENT-80,SPN,adaptive_dbitnet_pairwise,Pairwise-Adaptive-DBitNet,1,30,Multi-pair neural distinguisher / DBitNet-style,5,present_wang_jain2021,0,Wang differentials via Jain/Kohli/Mishra 2020/2021,,32768,4,2,0.7694091797,0.0052185059,0.7756347656,0.0003051758,0.7756347656,0.0003051758,0.8525176737,0.0012963638,0.5388183594,0.0104370117,0.5512695312,0.0006103516,0.5797842103,0.0130551797
PRESENT-80,SPN,moe_v4_soft,MoE-v4-Soft,3,20,Innovation-one structure-aware MoE,4,present_wang_jain2021,0,Wang differentials via Jain/Kohli/Mishra 2020/2021,soft,32768,1,2,0.8023376465,0.0038757324,0.8135681152,0.0027160645,0.8135681152,0.0027160645,0.8844625438,0.0024315687,0.604675293,0.0077514648,0.6271362305,0.0054321289,0.6073302175,0.0267844503
PRESENT-80,SPN,moe_v4_soft,MoE-v4-Soft,3,20,Innovation-one structure-aware MoE,4,present_wang_jain2021,0,Wang differentials via Jain/Kohli/Mishra 2020/2021,soft,32768,2,2,0.9110565186,7.62939e-05,0.9123535156,0.0002441406,0.9123535156,0.0002441406,0.9658215027,0.0004093628,0.8221130371,0.0001525879,0.8247070312,0.0004882812,0.3168116244,0.0022465228
PRESENT-80,SPN,moe_v4_soft,MoE-v4-Soft,3,20,Innovation-one structure-aware MoE,4,present_wang_jain2021,0,Wang differentials via Jain/Kohli/Mishra 2020/2021,soft,32768,4,2,0.9711303711,0.002166748,0.9752807617,0.0009460449,0.9752807617,0.0009460449,0.9959787969,0.0003743321,0.9422607422,0.0043334961,0.9505615234,0.0018920898,0.1183031151,0.0025834382
PRESENT-80,SPN,moe_v4_soft,MoE-v4-Soft,3,20,Innovation-one structure-aware MoE,5,present_wang_jain2021,0,Wang differentials via Jain/Kohli/Mishra 2020/2021,soft,32768,1,2,0.602935791,0.0020141602,0.6050872803,0.0006866455,0.6050872803,0.0006866455,0.6406012271,0.0030358061,0.205871582,0.0040283203,0.2101745605,0.001373291,0.8549519842,0.0270102629
PRESENT-80,SPN,moe_v4_soft,MoE-v4-Soft,3,20,Innovation-one structure-aware MoE,5,present_wang_jain2021,0,Wang differentials via Jain/Kohli/Mishra 2020/2021,soft,32768,2,2,0.6734771729,0.0142669678,0.6907196045,0.0034637451,0.6907196045,0.0034637451,0.7556992369,0.0034896238,0.3469543457,0.0285339355,0.381439209,0.0069274902,0.7847064147,0.0892743496
PRESENT-80,SPN,moe_v4_soft,MoE-v4-Soft,3,20,Innovation-one structure-aware MoE,5,present_wang_jain2021,0,Wang differentials via Jain/Kohli/Mishra 2020/2021,soft,32768,4,2,0.7531890869,0.0018463135,0.7768707275,0.0009918213,0.7768707275,0.0009918213,0.8530672155,0.0006313268,0.5063781738,0.003692627,0.5537414551,0.0019836426,0.6357247634,0.0362442536
PRESENT-80,SPN,spn_pairset_dbitnet_v2,SPN-Cell-PairSet-DBitNet-v2,0,36,Innovation-one SPN-specific PairSet DBitNet v2,4,present_wang_jain2021,0,Wang differentials via Jain/Kohli/Mishra 2020/2021,,32768,1,2,0.7221374512,0.0031738281,0.7333374023,0.0077209473,0.7333374023,0.0077209473,0.787577413,0.0131144226,0.4442749023,0.0063476562,0.4666748047,0.0154418945,0.6934736697,0.0061661741
PRESENT-80,SPN,spn_pairset_dbitnet_v2,SPN-Cell-PairSet-DBitNet-v2,0,36,Innovation-one SPN-specific PairSet DBitNet v2,4,present_wang_jain2021,0,Wang differentials via Jain/Kohli/Mishra 2020/2021,,32768,2,2,0.8525695801,0.0040283203,0.8609008789,0.0038452148,0.8609008789,0.0038452148,0.9213546412,0.0052420525,0.7051391602,0.0080566406,0.7218017578,0.0076904297,0.4734116704,0.0350982989
PRESENT-80,SPN,spn_pairset_dbitnet_v2,SPN-Cell-PairSet-DBitNet-v2,0,36,Innovation-one SPN-specific PairSet DBitNet v2,4,present_wang_jain2021,0,Wang differentials via Jain/Kohli/Mishra 2020/2021,,32768,4,2,0.9490661621,0.0022277832,0.9508361816,0.0024108887,0.9508361816,0.0024108887,0.98547165,0.0010331636,0.8981323242,0.0044555664,0.9016723633,0.0048217773,0.1923411203,0.0045362773
PRESENT-80,SPN,spn_pairset_dbitnet_v2,SPN-Cell-PairSet-DBitNet-v2,0,36,Innovation-one SPN-specific PairSet DBitNet v2,5,present_wang_jain2021,0,Wang differentials via Jain/Kohli/Mishra 2020/2021,,32768,1,2,0.5291595459,0.0044403076,0.5347747803,0.0001678467,0.5347747803,0.0001678467,0.5415891176,0.0032487242,0.0583190918,0.0088806152,0.0695495605,0.0003356934,0.815110906,0.0018139547
PRESENT-80,SPN,spn_pairset_dbitnet_v2,SPN-Cell-PairSet-DBitNet-v2,0,36,Innovation-one SPN-specific PairSet DBitNet v2,5,present_wang_jain2021,0,Wang differentials via Jain/Kohli/Mishra 2020/2021,,32768,2,2,0.5729980469,0.0110778809,0.5866394043,0.0011291504,0.5866394043,0.0011291504,0.6153381346,0.001818574,0.1459960938,0.0221557617,0.1732788086,0.0022583008,0.9173137937,0.0917911548
PRESENT-80,SPN,spn_pairset_dbitnet_v2,SPN-Cell-PairSet-DBitNet-v2,0,36,Innovation-one SPN-specific PairSet DBitNet v2,5,present_wang_jain2021,0,Wang differentials via Jain/Kohli/Mishra 2020/2021,,32768,4,2,0.6686706543,0.0091552734,0.6855163574,0.0025024414,0.6855163574,0.0025024414,0.747804774,0.0038483758,0.3373413086,0.0183105469,0.3710327148,0.0050048828,0.8187523205,0.0002363473
PRESENT-80,SPN,structure_adaptive_pairset_dbitnet,StructureAdaptive-PairSet-DBitNet,2,34,Innovation-one structure-adaptive pair-set DBitNet,4,present_wang_jain2021,0,Wang differentials via Jain/Kohli/Mishra 2020/2021,,32768,1,2,0.7196350098,0.0102844238,0.7358398438,0.0035705566,0.7358398438,0.0035705566,0.7945013465,0.0039387075,0.4392700195,0.0205688477,0.4716796875,0.0071411133,0.7666375786,0.0193356741
PRESENT-80,SPN,structure_adaptive_pairset_dbitnet,StructureAdaptive-PairSet-DBitNet,2,34,Innovation-one structure-adaptive pair-set DBitNet,4,present_wang_jain2021,0,Wang differentials via Jain/Kohli/Mishra 2020/2021,,32768,2,2,0.8605957031,0.0042724609,0.8636474609,0.0020751953,0.8636474609,0.0020751953,0.924990668,0.0023732977,0.7211914062,0.0085449219,0.7272949219,0.0041503906,0.5108309179,0.0094961035
PRESENT-80,SPN,structure_adaptive_pairset_dbitnet,StructureAdaptive-PairSet-DBitNet,2,34,Innovation-one structure-adaptive pair-set DBitNet,4,present_wang_jain2021,0,Wang differentials via Jain/Kohli/Mishra 2020/2021,,32768,4,2,0.9469909668,0.0006408691,0.947265625,0.0004577637,0.947265625,0.0004577637,0.9835362732,0.000568185,0.8939819336,0.0012817383,0.89453125,0.0009155273,0.2219588882,0.0006112009
PRESENT-80,SPN,structure_adaptive_pairset_dbitnet,StructureAdaptive-PairSet-DBitNet,2,34,Innovation-one structure-adaptive pair-set DBitNet,5,present_wang_jain2021,0,Wang differentials via Jain/Kohli/Mishra 2020/2021,,32768,1,2,0.527053833,0.002243042,0.5359344482,0.002243042,0.5359344482,0.002243042,0.5438529663,0.0016550701,0.054107666,0.004486084,0.0718688965,0.004486084,0.8950039698,0.0097956145
PRESENT-80,SPN,structure_adaptive_pairset_dbitnet,StructureAdaptive-PairSet-DBitNet,2,34,Innovation-one structure-adaptive pair-set DBitNet,5,present_wang_jain2021,0,Wang differentials via Jain/Kohli/Mishra 2020/2021,,32768,2,2,0.5739593506,0.0016326904,0.5796661377,0.00340271,0.5796661377,0.00340271,0.6049618982,0.0039891452,0.1479187012,0.0032653809,0.1593322754,0.0068054199,0.9137306493,0.0327521842
PRESENT-80,SPN,structure_adaptive_pairset_dbitnet,StructureAdaptive-PairSet-DBitNet,2,34,Innovation-one structure-adaptive pair-set DBitNet,5,present_wang_jain2021,0,Wang differentials via Jain/Kohli/Mishra 2020/2021,,32768,4,2,0.6922149658,0.0064849854,0.7016601562,0.0020141602,0.7016601562,0.0020141602,0.768488721,0.0010554856,0.3844299316,0.0129699707,0.4033203125,0.0040283203,0.8154972568,0.0112314019
